"parent","child","relationtype","asOfDate"
"13","12","1","2020-07-07"
"7","10","1","2020-07-07"
"7","21","1","2020-07-07"
"7","23","1","2020-07-07"
"10","22","1","2020-07-07"
"20","24","1","2020-07-07"
"24","28","1","2020-07-07"
"24","29","1","2020-07-07"
"20","30","1","2020-07-07"
"20","31","1","2020-07-07"
"20","33","1","2020-07-07"
"20","36","1","2020-07-07"
"20","40","1","2020-07-07"
"42","43","1","2020-07-07"
"20","43","1","2020-07-07"
"49","50","1","2020-07-07"
"49","53","1","2020-07-07"
"53","54","1","2020-07-07"
"53","55","1","2020-07-07"
"63","64","1","2020-07-07"
"63","65","1","2020-07-07"
"63","66","1","2020-07-07"
"63","67","1","2020-07-07"
"68","69","1","2020-07-07"
"68","70","1","2020-07-07"
"63","71","1","2020-07-07"
"68","71","1","2020-07-07"
"63","72","1","2020-07-07"
"63","73","1","2020-07-07"
"73","74","1","2020-07-07"
"63","75","1","2020-07-07"
"63","76","1","2020-07-07"
"63","77","1","2020-07-07"
"63","78","1","2020-07-07"
"63","79","1","2020-07-07"
"63","80","1","2020-07-07"
"63","81","1","2020-07-07"
"63","82","1","2020-07-07"
"82","83","1","2020-07-07"
"63","84","1","2020-07-07"
"63","86","1","2020-07-07"
"63","88","1","2020-07-07"
"63","89","1","2020-07-07"
"63","90","1","2020-07-07"
"63","85","1","2020-07-07"
"63","92","1","2020-07-07"
"63","93","1","2020-07-07"
"93","87","1","2020-07-07"
"93","94","1","2020-07-07"
"63","95","1","2020-07-07"
"95","96","1","2020-07-07"
"95","97","1","2020-07-07"
"95","98","1","2020-07-07"
"95","99","1","2020-07-07"
"95","100","1","2020-07-07"
"95","101","1","2020-07-07"
"95","102","1","2020-07-07"
"95","103","1","2020-07-07"
"95","104","1","2020-07-07"
"95","105","1","2020-07-07"
"95","106","1","2020-07-07"
"95","107","1","2020-07-07"
"63","108","1","2020-07-07"
"63","110","1","2020-07-07"
"110","109","1","2020-07-07"
"110","91","1","2020-07-07"
"63","111","1","2020-07-07"
"93","112","1","2020-07-07"
"20","113","1","2020-07-07"
"115","116","1","2020-07-07"
"115","117","1","2020-07-07"
"115","119","1","2020-07-07"
"115","120","1","2020-07-07"
"115","121","1","2020-07-07"
"115","118","1","2020-07-07"
"115","122","1","2020-07-07"
"123","124","1","2020-07-07"
"125","126","1","2020-07-07"
"125","128","1","2020-07-07"
"128","127","1","2020-07-07"
"128","129","1","2020-07-07"
"125","130","1","2020-07-07"
"125","131","1","2020-07-07"
"125","132","1","2020-07-07"
"125","133","1","2020-07-07"
"20","146","1","2020-07-07"
"20","147","1","2020-07-07"
"20","149","1","2020-07-07"
"20","148","1","2020-07-07"
"44","150","1","2020-07-07"
"44","151","1","2020-07-07"
"44","152","1","2020-07-07"
"44","153","1","2020-07-07"
"13","153","1","2020-07-07"
"44","154","1","2020-07-07"
"44","156","1","2020-07-07"
"44","157","1","2020-07-07"
"44","158","1","2020-07-07"
"44","160","1","2020-07-07"
"159","160","1","2020-07-07"
"159","161","1","2020-07-07"
"44","161","1","2020-07-07"
"44","162","1","2020-07-07"
"44","163","1","2020-07-07"
"44","164","1","2020-07-07"
"165","166","1","2020-07-07"
"165","167","1","2020-07-07"
"166","168","1","2020-07-07"
"166","169","1","2020-07-07"
"166","170","1","2020-07-07"
"172","173","1","2020-07-07"
"172","174","1","2020-07-07"
"174","175","1","2020-07-07"
"174","176","1","2020-07-07"
"174","177","1","2020-07-07"
"177","178","1","2020-07-07"
"174","179","1","2020-07-07"
"174","180","1","2020-07-07"
"180","181","1","2020-07-07"
"183","182","1","2020-07-07"
"183","184","1","2020-07-07"
"183","186","1","2020-07-07"
"185","186","1","2020-07-07"
"187","188","1","2020-07-07"
"188","189","1","2020-07-07"
"172","189","1","2020-07-07"
"172","190","1","2020-07-07"
"190","183","1","2020-07-07"
"190","191","1","2020-07-07"
"190","192","1","2020-07-07"
"172","193","1","2020-07-07"
"172","194","1","2020-07-07"
"194","195","1","2020-07-07"
"195","196","1","2020-07-07"
"183","197","1","2020-07-07"
"198","199","1","2020-07-07"
"198","200","1","2020-07-07"
"200","201","1","2020-07-07"
"200","202","1","2020-07-07"
"200","203","1","2020-07-07"
"200","204","1","2020-07-07"
"200","205","1","2020-07-07"
"206","207","1","2020-07-07"
"208","209","1","2020-07-07"
"209","210","1","2020-07-07"
"209","211","1","2020-07-07"
"209","212","1","2020-07-07"
"209","213","1","2020-07-07"
"209","214","1","2020-07-07"
"209","215","1","2020-07-07"
"209","216","1","2020-07-07"
"209","217","1","2020-07-07"
"209","218","1","2020-07-07"
"209","219","1","2020-07-07"
"209","220","1","2020-07-07"
"209","221","1","2020-07-07"
"209","222","1","2020-07-07"
"209","223","1","2020-07-07"
"13","224","1","2020-07-07"
"13","225","1","2020-07-07"
"227","229","1","2020-07-07"
"227","232","1","2020-07-07"
"227","233","1","2020-07-07"
"227","234","1","2020-07-07"
"227","235","1","2020-07-07"
"227","236","1","2020-07-07"
"227","237","1","2020-07-07"
"227","238","1","2020-07-07"
"166","242","1","2020-07-07"
"167","244","1","2020-07-07"
"13","247","1","2020-07-07"
"13","248","1","2020-07-07"
"13","250","1","2020-07-07"
"250","251","1","2020-07-07"
"250","252","1","2020-07-07"
"250","253","1","2020-07-07"
"13","254","1","2020-07-07"
"188","255","1","2020-07-07"
"255","256","1","2020-07-07"
"255","257","1","2020-07-07"
"255","258","1","2020-07-07"
"255","259","1","2020-07-07"
"188","260","1","2020-07-07"
"188","262","1","2020-07-07"
"188","263","1","2020-07-07"
"188","264","1","2020-07-07"
"188","265","1","2020-07-07"
"188","266","1","2020-07-07"
"187","268","1","2020-07-07"
"267","268","1","2020-07-07"
"268","269","1","2020-07-07"
"268","270","1","2020-07-07"
"268","271","1","2020-07-07"
"188","261","1","2020-07-07"
"272","273","1","2020-07-07"
"272","274","1","2020-07-07"
"272","275","1","2020-07-07"
"275","276","1","2020-07-07"
"276","277","1","2020-07-07"
"276","279","1","2020-07-07"
"276","280","1","2020-07-07"
"276","281","1","2020-07-07"
"276","282","1","2020-07-07"
"276","283","1","2020-07-07"
"276","284","1","2020-07-07"
"276","285","1","2020-07-07"
"276","286","1","2020-07-07"
"276","287","1","2020-07-07"
"276","288","1","2020-07-07"
"276","289","1","2020-07-07"
"272","290","1","2020-07-07"
"290","291","1","2020-07-07"
"290","292","1","2020-07-07"
"290","293","1","2020-07-07"
"290","294","1","2020-07-07"
"290","295","1","2020-07-07"
"290","296","1","2020-07-07"
"290","297","1","2020-07-07"
"290","298","1","2020-07-07"
"290","299","1","2020-07-07"
"299","300","1","2020-07-07"
"290","301","1","2020-07-07"
"290","302","1","2020-07-07"
"290","303","1","2020-07-07"
"272","304","1","2020-07-07"
"304","305","1","2020-07-07"
"305","306","1","2020-07-07"
"304","307","1","2020-07-07"
"307","308","1","2020-07-07"
"304","309","1","2020-07-07"
"304","310","1","2020-07-07"
"307","311","1","2020-07-07"
"267","312","1","2020-07-07"
"312","313","1","2020-07-07"
"312","314","1","2020-07-07"
"312","315","1","2020-07-07"
"312","316","1","2020-07-07"
"312","317","1","2020-07-07"
"312","318","1","2020-07-07"
"312","319","1","2020-07-07"
"312","320","1","2020-07-07"
"312","321","1","2020-07-07"
"312","322","1","2020-07-07"
"322","323","1","2020-07-07"
"312","324","1","2020-07-07"
"324","325","1","2020-07-07"
"324","326","1","2020-07-07"
"326","327","1","2020-07-07"
"324","328","1","2020-07-07"
"324","329","1","2020-07-07"
"313","330","1","2020-07-07"
"313","331","1","2020-07-07"
"313","332","1","2020-07-07"
"313","333","1","2020-07-07"
"313","335","1","2020-07-07"
"272","336","1","2020-07-07"
"313","336","1","2020-07-07"
"313","334","1","2020-07-07"
"208","337","1","2020-07-07"
"338","339","1","2020-07-07"
"338","340","1","2020-07-07"
"338","341","1","2020-07-07"
"338","342","1","2020-07-07"
"340","343","1","2020-07-07"
"344","14","1","2020-07-07"
"344","345","1","2020-07-07"
"227","231","1","2020-07-07"
"345","231","1","2020-07-07"
"345","346","1","2020-07-07"
"344","347","1","2020-07-07"
"344","350","1","2020-07-07"
"344","351","1","2020-07-07"
"351","352","1","2020-07-07"
"276","278","1","2020-07-07"
"159","354","1","2020-07-07"
"159","356","1","2020-07-07"
"240","245","1","2020-07-07"
"13","240","1","2020-07-07"
"239","240","1","2020-07-07"
"240","241","1","2020-07-07"
"227","241","1","2020-07-07"
"240","246","1","2020-07-07"
"159","353","1","2020-07-07"
"357","358","1","2020-07-07"
"358","359","1","2020-07-07"
"358","360","1","2020-07-07"
"360","361","1","2020-07-07"
"358","362","1","2020-07-07"
"358","363","1","2020-07-07"
"358","364","1","2020-07-07"
"358","365","1","2020-07-07"
"358","366","1","2020-07-07"
"359","367","1","2020-07-07"
"358","368","1","2020-07-07"
"368","369","1","2020-07-07"
"357","370","1","2020-07-07"
"370","371","1","2020-07-07"
"357","372","1","2020-07-07"
"358","373","1","2020-07-07"
"357","374","1","2020-07-07"
"357","375","1","2020-07-07"
"375","376","1","2020-07-07"
"358","377","1","2020-07-07"
"368","378","1","2020-07-07"
"378","379","1","2020-07-07"
"358","380","1","2020-07-07"
"358","381","1","2020-07-07"
"358","382","1","2020-07-07"
"358","383","1","2020-07-07"
"357","384","1","2020-07-07"
"385","386","1","2020-07-07"
"386","387","1","2020-07-07"
"386","388","1","2020-07-07"
"386","389","1","2020-07-07"
"386","390","1","2020-07-07"
"386","391","1","2020-07-07"
"385","392","1","2020-07-07"
"393","394","1","2020-07-07"
"393","395","1","2020-07-07"
"393","396","1","2020-07-07"
"393","397","1","2020-07-07"
"393","399","1","2020-07-07"
"393","398","1","2020-07-07"
"393","400","1","2020-07-07"
"400","401","1","2020-07-07"
"400","402","1","2020-07-07"
"393","403","1","2020-07-07"
"404","405","1","2020-07-07"
"404","406","1","2020-07-07"
"404","407","1","2020-07-07"
"404","408","1","2020-07-07"
"409","410","1","2020-07-07"
"409","411","1","2020-07-07"
"413","414","1","2020-07-07"
"413","415","1","2020-07-07"
"200","416","1","2020-07-07"
"413","416","1","2020-07-07"
"416","417","1","2020-07-07"
"413","418","1","2020-07-07"
"413","419","1","2020-07-07"
"413","420","1","2020-07-07"
"413","421","1","2020-07-07"
"413","422","1","2020-07-07"
"413","423","1","2020-07-07"
"413","424","1","2020-07-07"
"413","425","1","2020-07-07"
"413","426","1","2020-07-07"
"413","427","1","2020-07-07"
"413","428","1","2020-07-07"
"413","429","1","2020-07-07"
"413","430","1","2020-07-07"
"68","430","1","2020-07-07"
"431","432","1","2020-07-07"
"431","433","1","2020-07-07"
"68","433","1","2020-07-07"
"431","434","1","2020-07-07"
"68","434","1","2020-07-07"
"431","435","1","2020-07-07"
"69","435","1","2020-07-07"
"436","437","1","2020-07-07"
"436","438","1","2020-07-07"
"436","439","1","2020-07-07"
"440","441","1","2020-07-07"
"440","442","1","2020-07-07"
"440","443","1","2020-07-07"
"444","445","1","2020-07-07"
"444","446","1","2020-07-07"
"444","447","1","2020-07-07"
"444","448","1","2020-07-07"
"448","449","1","2020-07-07"
"448","450","1","2020-07-07"
"448","451","1","2020-07-07"
"444","452","1","2020-07-07"
"444","453","1","2020-07-07"
"453","454","1","2020-07-07"
"444","455","1","2020-07-07"
"455","456","1","2020-07-07"
"455","457","1","2020-07-07"
"455","458","1","2020-07-07"
"455","459","1","2020-07-07"
"455","460","1","2020-07-07"
"455","461","1","2020-07-07"
"455","462","1","2020-07-07"
"455","463","1","2020-07-07"
"455","464","1","2020-07-07"
"455","465","1","2020-07-07"
"455","466","1","2020-07-07"
"455","467","1","2020-07-07"
"444","468","1","2020-07-07"
"444","469","1","2020-07-07"
"444","470","1","2020-07-07"
"436","471","1","2020-07-07"
"409","472","1","2020-07-07"
"473","474","1","2020-07-07"
"473","475","1","2020-07-07"
"473","476","1","2020-07-07"
"473","477","1","2020-07-07"
"473","478","1","2020-07-07"
"473","479","1","2020-07-07"
"473","480","1","2020-07-07"
"473","481","1","2020-07-07"
"473","482","1","2020-07-07"
"473","483","1","2020-07-07"
"485","486","1","2020-07-07"
"486","487","1","2020-07-07"
"486","488","1","2020-07-07"
"486","489","1","2020-07-07"
"486","490","1","2020-07-07"
"486","491","1","2020-07-07"
"486","492","1","2020-07-07"
"486","493","1","2020-07-07"
"485","494","1","2020-07-07"
"494","495","1","2020-07-07"
"494","496","1","2020-07-07"
"494","497","1","2020-07-07"
"494","498","1","2020-07-07"
"494","499","1","2020-07-07"
"494","500","1","2020-07-07"
"494","501","1","2020-07-07"
"485","502","1","2020-07-07"
"486","503","1","2020-07-07"
"486","504","1","2020-07-07"
"486","505","1","2020-07-07"
"486","506","1","2020-07-07"
"485","507","1","2020-07-07"
"485","508","1","2020-07-07"
"485","509","1","2020-07-07"
"473","510","1","2020-07-07"
"510","511","1","2020-07-07"
"473","512","1","2020-07-07"
"473","513","1","2020-07-07"
"473","514","1","2020-07-07"
"473","515","1","2020-07-07"
"473","516","1","2020-07-07"
"517","521","1","2020-07-07"
"517","522","1","2020-07-07"
"517","523","1","2020-07-07"
"524","525","1","2020-07-07"
"524","526","1","2020-07-07"
"526","527","1","2020-07-07"
"528","529","1","2020-07-07"
"529","530","1","2020-07-07"
"529","531","1","2020-07-07"
"531","532","1","2020-07-07"
"531","533","1","2020-07-07"
"531","534","1","2020-07-07"
"531","535","1","2020-07-07"
"531","536","1","2020-07-07"
"531","537","1","2020-07-07"
"531","538","1","2020-07-07"
"528","539","1","2020-07-07"
"539","540","1","2020-07-07"
"528","541","1","2020-07-07"
"541","542","1","2020-07-07"
"541","543","1","2020-07-07"
"541","544","1","2020-07-07"
"541","545","1","2020-07-07"
"541","546","1","2020-07-07"
"541","547","1","2020-07-07"
"541","548","1","2020-07-07"
"539","549","1","2020-07-07"
"549","550","1","2020-07-07"
"539","551","1","2020-07-07"
"539","552","1","2020-07-07"
"539","553","1","2020-07-07"
"555","556","1","2020-07-07"
"554","557","1","2020-07-07"
"539","559","1","2020-07-07"
"539","560","1","2020-07-07"
"541","561","1","2020-07-07"
"542","562","1","2020-07-07"
"542","554","1","2020-07-07"
"554","555","1","2020-07-07"
"554","558","1","2020-07-07"
"563","564","1","2020-07-07"
"563","565","1","2020-07-07"
"563","566","1","2020-07-07"
"563","567","1","2020-07-07"
"567","568","1","2020-07-07"
"567","569","1","2020-07-07"
"563","570","1","2020-07-07"
"563","571","1","2020-07-07"
"572","573","1","2020-07-07"
"572","574","1","2020-07-07"
"580","581","1","2020-07-08"
"580","582","1","2020-07-08"
"580","583","1","2020-07-08"
"584","585","1","2020-07-08"
"584","586","1","2020-07-08"
"584","587","1","2020-07-08"
"584","588","1","2020-07-08"
"584","589","1","2020-07-08"
"584","590","1","2020-07-08"
"584","591","1","2020-07-08"
"584","592","1","2020-07-08"
"584","593","1","2020-07-08"
"584","594","1","2020-07-08"
"584","595","1","2020-07-08"
"595","596","1","2020-07-08"
"584","597","1","2020-07-08"
"584","598","1","2020-07-08"
"584","599","1","2020-07-08"
"599","600","1","2020-07-08"
"599","601","1","2020-07-08"
"599","602","1","2020-07-08"
"584","603","1","2020-07-08"
"413","603","1","2020-07-08"
"584","604","1","2020-07-08"
"584","605","1","2020-07-08"
"584","606","1","2020-07-08"
"606","607","1","2020-07-08"
"606","608","1","2020-07-08"
"606","609","1","2020-07-08"
"606","610","1","2020-07-08"
"606","611","1","2020-07-08"
"606","612","1","2020-07-08"
"584","613","1","2020-07-08"
"584","614","1","2020-07-08"
"584","615","1","2020-07-08"
"584","616","1","2020-07-08"
"584","617","1","2020-07-08"
"584","618","1","2020-07-08"
"584","619","1","2020-07-08"
"584","620","1","2020-07-08"
"584","621","1","2020-07-08"
"584","622","1","2020-07-08"
"584","623","1","2020-07-08"
"584","624","1","2020-07-08"
"584","625","1","2020-07-08"
"584","626","1","2020-07-08"
"584","627","1","2020-07-08"
"584","628","1","2020-07-08"
"628","629","1","2020-07-08"
"628","630","1","2020-07-08"
"628","631","1","2020-07-08"
"584","632","1","2020-07-08"
"584","633","1","2020-07-08"
"584","634","1","2020-07-08"
"584","635","1","2020-07-08"
"584","636","1","2020-07-08"
"584","637","1","2020-07-08"
"584","165","2","2020-07-09"
"584","49","2","2020-07-09"
"206","63","1","2020-07-09"
"584","63","2","2020-07-09"
"638","640","1","2020-07-09"
"638","639","1","2020-07-09"
"638","643","1","2020-07-09"
"638","644","1","2020-07-09"
"638","645","1","2020-07-09"
"638","647","1","2020-07-10"
"638","648","1","2020-07-10"
"638","655","1","2020-07-10"
"638","663","1","2020-07-10"
"638","664","1","2020-07-10"
"638","665","1","2020-07-10"
"638","666","1","2020-07-10"
"638","667","1","2020-07-10"
"638","668","1","2020-07-10"
"638","669","1","2020-07-10"
"638","670","1","2020-07-10"
"638","671","1","2020-07-10"
"638","672","1","2020-07-10"
"638","673","1","2020-07-10"
"638","674","1","2020-07-10"
"638","675","1","2020-07-10"
"638","676","1","2020-07-10"
"638","677","1","2020-07-10"
"638","678","1","2020-07-10"
"638","679","1","2020-07-10"
"638","682","1","2020-07-10"
"682","683","1","2020-07-10"
"638","686","1","2020-07-10"
"638","687","1","2020-07-10"
"638","688","1","2020-07-10"
"638","689","1","2020-07-10"
"638","690","1","2020-07-10"
"638","691","1","2020-07-10"
"638","692","1","2020-07-10"
"638","693","1","2020-07-10"
"638","694","1","2020-07-10"
"638","695","1","2020-07-10"
"638","696","1","2020-07-10"
"638","697","1","2020-07-10"
"638","698","1","2020-07-10"
"638","700","1","2020-07-10"
"638","701","1","2020-07-10"
"638","702","1","2020-07-10"
"638","703","1","2020-07-10"
"638","704","1","2020-07-10"
"704","705","1","2020-07-10"
"704","706","1","2020-07-10"
"707","714","1","2020-07-10"
"707","717","1","2020-07-10"
"707","718","1","2020-07-10"
"707","719","1","2020-07-10"
"723","724","1","2020-07-10"
"723","726","1","2020-07-10"
"723","730","1","2020-07-10"
"584","473","2","2020-07-10"
"584","436","2","2020-07-10"
"723","741","1","2020-07-11"
"723","742","1","2020-07-11"
"753","754","1","2020-07-11"
"753","755","1","2020-07-11"
"753","756","1","2020-07-11"
"753","757","1","2020-07-11"
"753","758","1","2020-07-11"
"723","759","1","2020-07-11"
"754","759","1","2020-07-11"
"723","747","1","2020-07-11"
"723","743","1","2020-07-11"
"723","731","1","2020-07-11"
"744","745","1","2020-07-11"
"723","746","1","2020-07-11"
"723","728","1","2020-07-11"
"707","708","1","2020-07-11"
"723","748","1","2020-07-11"
"723","749","1","2020-07-11"
"707","713","1","2020-07-11"
"723","729","1","2020-07-11"
"707","709","1","2020-07-11"
"707","710","1","2020-07-11"
"707","722","1","2020-07-11"
"619","762","1","2020-07-11"
"619","763","1","2020-07-11"
"619","764","1","2020-07-11"
"764","765","1","2020-07-11"
"619","766","1","2020-07-11"
"619","769","1","2020-07-11"
"619","772","1","2020-07-11"
"619","773","1","2020-07-11"
"7","6","1","2020-07-11"
"619","776","1","2020-07-11"
"619","777","1","2020-07-11"
"619","780","1","2020-07-12"
"619","781","1","2020-07-12"
"619","788","1","2020-07-12"
"619","789","1","2020-07-12"
"619","790","1","2020-07-12"
"619","791","1","2020-07-12"
"619","792","1","2020-07-12"
"619","793","1","2020-07-12"
"619","794","1","2020-07-12"
"619","795","1","2020-07-12"
"619","796","1","2020-07-12"
"619","760","1","2020-07-12"
"619","778","1","2020-07-12"
"619","784","1","2020-07-12"
"619","801","1","2020-07-12"
"619","802","1","2020-07-12"
"619","804","1","2020-07-12"
"619","806","1","2020-07-12"
"806","798","1","2020-07-12"
"806","805","1","2020-07-12"
"807","808","1","2020-07-12"
"807","771","1","2020-07-12"
"807","809","1","2020-07-12"
"619","811","1","2020-07-12"
"619","810","1","2020-07-12"
"619","812","1","2020-07-12"
"619","813","1","2020-07-12"
"619","814","1","2020-07-12"
"619","816","1","2020-07-12"
"816","817","1","2020-07-12"
"817","818","1","2020-07-12"
"816","799","1","2020-07-12"
"619","820","1","2020-07-12"
"820","783","1","2020-07-12"
"820","767","1","2020-07-12"
"820","821","1","2020-07-12"
"820","787","1","2020-07-12"
"820","819","1","2020-07-12"
"820","823","1","2020-07-12"
"619","825","1","2020-07-12"
"619","826","1","2020-07-12"
"619","828","1","2020-07-12"
"619","829","1","2020-07-12"
"619","830","1","2020-07-12"
"619","831","1","2020-07-12"
"619","832","1","2020-07-12"
"832","797","1","2020-07-12"
"832","815","1","2020-07-12"
"832","822","1","2020-07-12"
"820","834","1","2020-07-12"
"619","835","1","2020-07-12"
"619","836","1","2020-07-12"
"619","837","1","2020-07-12"
"619","839","1","2020-07-12"
"619","840","1","2020-07-12"
"619","841","1","2020-07-12"
"619","842","1","2020-07-12"
"834","844","1","2020-07-12"
"820","845","1","2020-07-12"
"820","846","1","2020-07-12"
"619","847","1","2020-07-12"
"619","848","1","2020-07-12"
"848","761","1","2020-07-12"
"848","768","1","2020-07-12"
"848","824","1","2020-07-12"
"848","827","1","2020-07-12"
"848","833","1","2020-07-12"
"848","849","1","2020-07-12"
"619","850","1","2020-07-12"
"806","851","1","2020-07-12"
"619","852","1","2020-07-12"
"813","853","1","2020-07-12"
"619","855","1","2020-07-12"
"619","856","1","2020-07-12"
"619","857","1","2020-07-12"
"619","858","1","2020-07-12"
"619","859","1","2020-07-12"
"619","860","1","2020-07-12"
"619","861","1","2020-07-12"
"619","862","1","2020-07-12"
"619","863","1","2020-07-12"
"619","864","1","2020-07-12"
"619","865","1","2020-07-12"
"619","866","1","2020-07-12"
"619","867","1","2020-07-12"
"806","868","1","2020-07-12"
"806","870","1","2020-07-12"
"619","869","1","2020-07-12"
"619","871","1","2020-07-12"
"871","843","1","2020-07-12"
"871","782","1","2020-07-12"
"871","786","1","2020-07-12"
"871","785","1","2020-07-12"
"871","838","1","2020-07-12"
"871","775","1","2020-07-12"
"871","803","1","2020-07-12"
"871","854","1","2020-07-12"
"871","807","1","2020-07-12"
"871","800","1","2020-07-12"
"871","770","1","2020-07-12"
"871","779","1","2020-07-12"
"820","774","1","2020-07-12"
"6","774","3","2020-07-12"
"874","875","1","2020-07-12"
"874","876","1","2020-07-12"
"874","877","1","2020-07-12"
"874","878","1","2020-07-12"
"873","879","1","2020-07-12"
"879","880","1","2020-07-12"
"879","881","1","2020-07-12"
"879","882","1","2020-07-12"
"884","885","3","2020-07-12"
"21","885","3","2020-07-12"
"889","890","1","2020-07-12"
"888","889","1","2020-07-12"
"890","891","1","2020-07-12"
"891","892","1","2020-07-12"
"891","893","1","2020-07-12"
"890","894","1","2020-07-12"
"894","895","1","2020-07-12"
"890","896","1","2020-07-12"
"896","897","1","2020-07-12"
"896","898","1","2020-07-12"
"890","899","1","2020-07-12"
"899","900","1","2020-07-12"
"899","901","1","2020-07-12"
"899","902","1","2020-07-12"
"899","903","1","2020-07-12"
"899","904","1","2020-07-12"
"899","905","1","2020-07-12"
"899","906","1","2020-07-12"
"890","907","1","2020-07-12"
"895","908","1","2020-07-12"
"890","909","1","2020-07-12"
"913","915","1","2020-07-12"
"913","916","1","2020-07-12"
"913","917","1","2020-07-12"
"913","918","1","2020-07-12"
"913","919","1","2020-07-12"
"913","920","1","2020-07-12"
"920","921","1","2020-07-12"
"920","922","1","2020-07-12"
"920","923","1","2020-07-12"
"920","924","1","2020-07-12"
"913","925","1","2020-07-12"
"913","914","1","2020-07-12"
"890","914","3","2020-07-12"
"880","926","1","2020-07-12"
"875","927","1","2020-07-12"
"875","928","1","2020-07-12"
"875","929","1","2020-07-12"
"875","930","1","2020-07-12"
"875","931","1","2020-07-12"
"875","932","1","2020-07-12"
"875","933","1","2020-07-12"
"875","934","1","2020-07-12"
"875","935","1","2020-07-12"
"876","936","1","2020-07-12"
"876","937","1","2020-07-12"
"876","939","1","2020-07-12"
"876","940","1","2020-07-12"
"876","938","1","2020-07-12"
"878","938","1","2020-07-12"
"914","941","1","2020-07-12"
"914","942","1","2020-07-12"
"914","943","1","2020-07-12"
"914","944","1","2020-07-12"
"914","945","1","2020-07-12"
"914","946","1","2020-07-12"
"914","947","1","2020-07-12"
"914","948","1","2020-07-12"
"914","949","1","2020-07-12"
"914","950","1","2020-07-12"
"49","137","1","2020-07-12"
"49","60","1","2020-07-12"
"20","45","1","2020-07-12"
"44","45","1","2020-07-12"
"13","51","1","2020-07-12"
"49","51","1","2020-07-12"
"886","910","1","2020-07-12"
"44","155","1","2020-07-12"
"886","911","1","2020-07-12"
"886","912","1","2020-07-12"
"473","484","1","2020-07-12"
"49","58","1","2020-07-12"
"951","952","1","2020-07-12"
"952","953","1","2020-07-12"
"952","955","1","2020-07-12"
"952","956","1","2020-07-12"
"952","957","1","2020-07-12"
"952","958","1","2020-07-12"
"952","959","1","2020-07-12"
"952","960","1","2020-07-12"
"952","961","1","2020-07-12"
"952","962","1","2020-07-12"
"952","963","1","2020-07-12"
"952","964","1","2020-07-12"
"952","965","1","2020-07-12"
"952","966","1","2020-07-12"
"952","967","1","2020-07-12"
"952","968","1","2020-07-12"
"952","969","1","2020-07-12"
"952","970","1","2020-07-12"
"952","972","1","2020-07-12"
"952","973","1","2020-07-12"
"952","974","1","2020-07-12"
"952","975","1","2020-07-12"
"952","976","1","2020-07-12"
"952","977","1","2020-07-12"
"952","978","1","2020-07-12"
"952","979","1","2020-07-12"
"952","980","1","2020-07-12"
"951","981","1","2020-07-12"
"951","982","1","2020-07-12"
"951","983","1","2020-07-12"
"951","984","1","2020-07-12"
"951","985","1","2020-07-12"
"951","986","1","2020-07-12"
"951","987","1","2020-07-12"
"951","988","1","2020-07-12"
"951","989","1","2020-07-12"
"951","990","1","2020-07-12"
"951","992","1","2020-07-12"
"951","993","1","2020-07-12"
"951","994","1","2020-07-12"
"952","971","1","2020-07-12"
"347","348","1","2020-07-12"
"49","56","1","2020-07-12"
"20","134","1","2020-07-12"
"952","954","1","2020-07-12"
"56","61","1","2020-07-12"
"49","59","1","2020-07-12"
"20","27","1","2020-07-12"
"20","47","1","2020-07-12"
"46","47","1","2020-07-12"
"20","142","1","2020-07-12"
"873","874","1","2020-07-12"
"46","139","1","2020-07-12"
"49","139","1","2020-07-12"
"49","138","1","2020-07-12"
"45","141","1","2020-07-12"
"886","887","1","2020-07-12"
"49","52","1","2020-07-12"
"24","25","1","2020-07-12"
"20","48","1","2020-07-12"
"49","135","1","2020-07-12"
"49","57","1","2020-07-12"
"25","145","1","2020-07-12"
"20","143","1","2020-07-12"
"20","35","1","2020-07-12"
"20","140","1","2020-07-12"
"20","38","1","2020-07-12"
"951","995","1","2020-07-12"
"49","136","1","2020-07-12"
"996","997","1","2020-07-21"
"996","998","1","2020-07-21"
"996","999","1","2020-07-21"
"996","1000","1","2020-07-21"
"996","1001","1","2020-07-21"
"996","1002","1","2020-07-21"
"996","1003","1","2020-07-21"
"996","1004","1","2020-07-21"
"996","1005","1","2020-07-21"
"996","1006","1","2020-07-21"
"999","1007","1","2020-07-21"
"996","1008","1","2020-07-21"
"996","1009","1","2020-07-21"
"996","1010","1","2020-07-21"
"1011","1012","1","2020-07-21"
"1011","1013","1","2020-07-21"
"1011","1014","1","2020-07-21"
"1011","1015","1","2020-07-21"
"1016","1017","1","2020-07-21"
"1016","1018","1","2020-07-21"
"1016","1019","1","2020-07-21"
"1016","1020","1","2020-07-21"
"1016","1021","1","2020-07-21"
"1016","1022","1","2020-07-21"
"1016","1023","1","2020-07-21"
"1016","1024","1","2020-07-21"
"1016","1025","1","2020-07-21"
"1016","1026","1","2020-07-21"
"1016","1027","1","2020-07-21"
"1016","1028","1","2020-07-21"
"1016","1029","1","2020-07-21"
"1016","1031","1","2020-07-21"
"1016","1032","1","2020-07-21"
"1016","1033","1","2020-07-21"
"1016","1034","1","2020-07-21"
"1016","1036","1","2020-07-21"
"1016","1038","1","2020-07-21"
"1016","1040","1","2020-07-21"
"1016","1042","1","2020-07-21"
"1016","1043","1","2020-07-21"
"1039","1044","1","2020-07-21"
"1016","1045","1","2020-07-21"
"1016","1046","1","2020-07-21"
"1016","1047","1","2020-07-21"
"1016","1048","1","2020-07-21"
"1016","1049","1","2020-07-21"
"1016","1050","1","2020-07-21"
"1016","1051","1","2020-07-21"
"1016","1052","1","2020-07-21"
"1016","1053","1","2020-07-21"
"1016","1054","1","2020-07-21"
"1055","1056","1","2020-07-21"
"1057","1058","1","2020-07-21"
"1057","1059","1","2020-07-21"
"1057","1064","1","2020-07-21"
"1057","1066","1","2020-07-21"
"1057","1067","1","2020-07-21"
"1057","1068","1","2020-07-21"
"1057","1069","1","2020-07-21"
"1057","1070","1","2020-07-21"
"1057","1071","1","2020-07-21"
"1057","1077","1","2020-07-21"
"1057","1079","1","2020-07-21"
"1057","1080","1","2020-07-21"
"1057","1081","1","2020-07-21"
"1057","1083","1","2020-07-21"
"44","1084","1","2020-07-21"
"1085","1088","1","2020-07-21"
"1085","1090","1","2020-07-21"
"1085","1094","1","2020-07-21"
"1085","1095","1","2020-07-21"
"1085","1096","1","2020-07-21"
"1085","1098","1","2020-07-21"
"1085","1099","1","2020-07-21"
"1085","1100","1","2020-07-21"
"1085","1103","1","2020-07-21"
"1085","1104","1","2020-07-21"
"1085","1105","1","2020-07-21"
"1085","1106","1","2020-07-21"
"1085","1108","1","2020-07-21"
"1085","1110","1","2020-07-21"
"1106","1111","1","2020-07-21"
"1106","1112","1","2020-07-21"
"1085","1113","1","2020-07-21"
"1085","1114","1","2020-07-21"
"1085","1115","1","2020-07-21"
"1085","1117","1","2020-07-21"
"1085","1118","1","2020-07-21"
"1085","1119","1","2020-07-21"
"1085","1120","1","2020-07-21"
"1122","1123","1","2020-07-21"
"1122","1124","1","2020-07-21"
"1122","1125","1","2020-07-21"
"1122","1126","1","2020-07-21"
"1122","1127","1","2020-07-21"
"1122","1128","1","2020-07-21"
"1122","1130","1","2020-07-21"
"1122","1131","1","2020-07-21"
"1122","1132","1","2020-07-21"
"1122","1136","1","2020-07-21"
"1122","1137","1","2020-07-21"
"1122","1138","1","2020-07-21"
"1122","1140","1","2020-07-21"
"1122","1142","1","2020-07-21"
"1122","1143","1","2020-07-21"
"1122","1146","1","2020-07-21"
"1131","1146","3","2020-07-21"
"21","1146","3","2020-07-21"
"1078","1146","3","2020-07-21"
"1074","1146","3","2020-07-21"
"1122","1147","1","2020-07-21"
"1122","1148","1","2020-07-21"
"1122","1151","1","2020-07-21"
"1122","1153","1","2020-07-21"
"1122","1155","1","2020-07-21"
"1122","1156","1","2020-07-21"
"1122","1158","1","2020-07-21"
"1122","1159","1","2020-07-21"
"1122","1160","1","2020-07-21"
"1122","1161","1","2020-07-21"
"1122","1166","1","2020-07-21"
"1122","1167","1","2020-07-21"
"1122","1168","1","2020-07-21"
"1122","1170","1","2020-07-21"
"1122","1163","1","2020-07-21"
"1122","1171","1","2020-07-21"
"1122","1169","1","2020-07-21"
"1122","1172","1","2020-07-21"
"1122","1173","1","2020-07-21"
"1122","1177","1","2020-07-21"
"1176","1177","1","2020-07-21"
"1122","1178","1","2020-07-21"
"1122","1184","1","2020-07-21"
"1122","1185","1","2020-07-21"
"1122","1186","1","2020-07-21"
"1122","1189","1","2020-07-21"
"1122","1190","1","2020-07-21"
"1122","1149","1","2020-07-21"
"1122","1181","1","2020-07-21"
"1122","1182","1","2020-07-21"
"1122","1192","1","2020-07-21"
"1122","1188","1","2020-07-21"
"1122","1154","1","2020-07-21"
"1122","1183","1","2020-07-21"
"1122","1139","1","2020-07-21"
"1122","1135","1","2020-07-21"
"1122","1164","1","2020-07-21"
"1122","1157","1","2020-07-21"
"1122","1152","1","2020-07-21"
"1122","1133","1","2020-07-21"
"1122","1129","1","2020-07-21"
"1193","1194","1","2020-07-22"
"1193","1195","1","2020-07-22"
"1193","1196","1","2020-07-22"
"1193","1197","1","2020-07-22"
"1193","1198","1","2020-07-22"
"1193","1199","1","2020-07-22"
"1193","1200","1","2020-07-22"
"1193","1201","1","2020-07-22"
"1193","1202","1","2020-07-22"
"1193","1203","1","2020-07-22"
"1193","1204","1","2020-07-22"
"1193","1205","1","2020-07-22"
"1193","1206","1","2020-07-22"
"1193","1207","1","2020-07-22"
"1193","1208","1","2020-07-22"
"1193","1209","1","2020-07-22"
"1193","1210","1","2020-07-22"
"1193","1211","1","2020-07-22"
"1193","1212","1","2020-07-22"
"1193","1213","1","2020-07-22"
"1215","1216","1","2020-07-22"
"1215","1217","1","2020-07-22"
"1215","1218","1","2020-07-22"
"1219","1220","1","2020-07-22"
"1218","1220","1","2020-07-22"
"1221","1222","1","2020-07-22"
"1215","1222","1","2020-07-22"
"1215","1223","1","2020-07-22"
"1215","1224","1","2020-07-22"
"1219","1224","1","2020-07-22"
"1226","1227","1","2020-07-22"
"1215","1227","1","2020-07-22"
"1215","1228","1","2020-07-22"
"1215","1230","1","2020-07-22"
"1231","1232","1","2020-07-22"
"1215","1232","1","2020-07-22"
"44","1231","1","2020-07-22"
"393","1235","1","2020-07-22"
"1236","1237","1","2020-07-22"
"1236","1238","1","2020-07-22"
"1236","1239","1","2020-07-22"
"1236","1240","1","2020-07-22"
"1236","1241","1","2020-07-22"
"1236","1242","1","2020-07-22"
"1236","1243","1","2020-07-22"
"1236","1244","1","2020-07-22"
"1236","1245","1","2020-07-22"
"1236","1246","1","2020-07-22"
"1236","1247","1","2020-07-22"
"638","649","1","2020-07-25"
"638","652","1","2020-07-25"
"638","657","1","2020-07-25"
"638","651","1","2020-07-25"
"638","653","1","2020-07-25"
"638","654","1","2020-07-25"
"638","650","1","2020-07-25"
"638","656","1","2020-07-25"
"638","658","1","2020-07-25"
"638","659","1","2020-07-25"
"638","660","1","2020-07-25"
"638","661","1","2020-07-25"
"638","662","1","2020-07-25"
"1085","1091","1","2020-07-25"
"1085","1089","1","2020-07-25"
"1085","1107","1","2020-07-25"
"1085","1116","1","2020-07-25"
"1122","1134","1","2020-07-25"
"1085","1109","1","2020-07-25"
"1085","1097","1","2020-07-25"
"1122","1162","1","2020-07-25"
"1085","1087","1","2020-07-25"
"1085","1086","1","2020-07-25"
"1085","1101","1","2020-07-25"
"1085","1093","1","2020-07-25"
"1122","1174","1","2020-07-25"
"166","243","1","2020-07-25"
"1122","1179","1","2020-07-25"
"1085","1092","1","2020-07-25"
"165","1248","1","2020-07-25"
"165","1249","1","2020-07-25"
"165","1250","1","2020-07-25"
"167","1251","1","2020-07-25"
"1219","1252","1","2020-07-25"
"1219","1253","1","2020-07-25"
"1219","1254","1","2020-07-25"
"1219","1255","1","2020-07-25"
"1219","1256","1","2020-07-25"
"1219","1257","1","2020-07-25"
"1258","1259","1","2020-07-25"
"1258","1262","1","2020-07-25"
"1258","1263","1","2020-07-25"
"1258","1264","1","2020-07-25"
"1258","1266","1","2020-07-25"
"1258","1267","1","2020-07-25"
"1258","1268","1","2020-07-25"
"1258","1269","1","2020-07-25"
"1258","1270","1","2020-07-25"
"1258","1271","1","2020-07-25"
"1258","1272","1","2020-07-25"
"1258","1273","1","2020-07-25"
"1258","1275","1","2020-07-25"
"1258","1276","1","2020-07-25"
"1258","1277","1","2020-07-25"
"1258","1278","1","2020-07-25"
"1258","1279","1","2020-07-25"
"1258","1280","1","2020-07-25"
"1258","1281","1","2020-07-25"
"1258","1282","1","2020-07-25"
"1258","1283","1","2020-07-25"
"1258","1284","1","2020-07-25"
"1258","1285","1","2020-07-25"
"1258","1286","1","2020-07-25"
"1258","1287","1","2020-07-25"
"1258","1288","1","2020-07-25"
"1258","1290","1","2020-07-25"
"1258","1291","1","2020-07-25"
"1258","1292","1","2020-07-25"
"1292","1289","1","2020-07-25"
"1258","1293","1","2020-07-25"
"1294","1295","1","2020-07-25"
"1294","1296","1","2020-07-25"
"1297","1298","1","2020-07-25"
"1297","1299","1","2020-07-25"
"1297","1300","1","2020-07-25"
"1297","1301","1","2020-07-25"
"1297","1302","1","2020-07-25"
"1297","1303","1","2020-07-25"
"1297","1304","1","2020-07-25"
"1297","1305","1","2020-07-25"
"1297","1308","1","2020-07-25"
"1297","1307","1","2020-07-25"
"1297","1306","1","2020-07-25"
"1297","1309","1","2020-07-25"
"1297","1310","1","2020-07-25"
"1297","1311","1","2020-07-25"
"1297","1312","1","2020-07-25"
"1297","1313","1","2020-07-25"
"1314","1318","1","2020-07-25"
"1314","1322","1","2020-07-25"
"1314","1323","1","2020-07-25"
"1314","1324","1","2020-07-25"
"1325","1326","1","2020-07-25"
"1325","1327","1","2020-07-25"
"1328","1329","1","2020-07-25"
"1328","1330","1","2020-07-25"
"1328","1331","1","2020-07-25"
"1328","1333","1","2020-07-25"
"1328","1334","1","2020-07-25"
"1328","1335","1","2020-07-25"
"1328","1339","1","2020-07-25"
"1328","1340","1","2020-07-25"
"1328","1341","1","2020-07-25"
"1328","1342","1","2020-07-25"
"1328","1343","1","2020-07-25"
"1328","1344","1","2020-07-25"
"1328","1346","1","2020-07-25"
"1328","1348","1","2020-07-25"
"1328","1351","1","2020-07-25"
"1328","1353","1","2020-07-25"
"1328","1332","1","2020-07-25"
"1354","1355","1","2020-07-25"
"1354","1358","1","2020-07-25"
"1354","1360","1","2020-07-25"
"1354","1361","1","2020-07-25"
"1354","1363","1","2020-07-25"
"1354","1364","1","2020-07-25"
"1354","1359","1","2020-07-25"
"1354","1362","1","2020-07-25"
"1354","1365","1","2020-07-25"
"1085","1102","1","2020-07-25"
"1354","1366","1","2020-07-25"
"1354","1367","1","2020-07-25"
"1354","1368","1","2020-07-25"
"1354","1369","1","2020-07-25"
"1354","1370","1","2020-07-25"
"1354","1371","1","2020-07-25"
"1354","1372","1","2020-07-25"
"1354","1373","1","2020-07-25"
"1354","1375","1","2020-07-25"
"1354","1376","1","2020-07-25"
"1354","1377","1","2020-07-25"
"1354","1378","1","2020-07-25"
"1354","1379","1","2020-07-25"
"1258","1260","1","2020-07-25"
"1258","1265","1","2020-07-25"
"1354","1380","1","2020-07-25"
"1354","1374","1","2020-07-25"
"1258","1261","1","2020-07-25"
"1328","1345","1","2020-07-25"
"1354","1381","1","2020-07-25"
"1354","1382","1","2020-07-25"
"1354","1383","1","2020-07-25"
"1354","1384","1","2020-07-25"
"1122","1141","1","2020-07-25"
"1314","1317","1","2020-07-25"
"1314","1315","1","2020-07-25"
"26","41","1","2020-07-25"
"20","26","1","2020-07-25"
"20","32","1","2020-07-25"
"1328","1337","1","2020-07-25"
"1328","1338","1","2020-07-25"
"1122","1165","1","2020-07-25"
"1037","1030","1","2020-07-25"
"1037","1035","1","2020-07-25"
"1016","1037","1","2020-07-25"
"26","144","1","2020-07-25"
"20","34","1","2020-07-25"
"1037","1041","1","2020-07-25"
"1314","1320","1","2020-07-25"
"1314","1316","1","2020-07-25"
"1328","1347","1","2020-07-25"
"20","39","1","2020-07-25"
"1328","1349","1","2020-07-25"
"20","37","1","2020-07-25"
"1314","1321","1","2020-07-25"
"398","1321","1","2020-07-25"
"1385","1386","1","2020-07-25"
"1387","1388","1","2020-07-25"
"1387","1389","1","2020-07-25"
"1387","1390","1","2020-07-25"
"1387","1391","1","2020-07-25"
"1387","1392","1","2020-07-25"
"1387","1393","1","2020-07-25"
"1387","1394","1","2020-07-25"
"1387","1395","1","2020-07-25"
"1387","1396","1","2020-07-25"
"1387","1397","1","2020-07-25"
"1387","1398","1","2020-07-25"
"1387","1399","1","2020-07-25"
"1387","1400","1","2020-07-25"
"1401","1402","1","2020-07-25"
"1314","1319","1","2020-07-25"
"1402","1319","1","2020-07-25"
"1402","1403","1","2020-07-25"
"1402","1404","1","2020-07-25"
"1402","1405","1","2020-07-25"
"1406","1407","1","2020-07-25"
"1406","1408","1","2020-07-25"
"1408","1409","1","2020-07-25"
"1410","1411","1","2020-07-25"
"1412","1413","1","2020-07-25"
"1412","1414","1","2020-07-25"
"1412","1415","1","2020-07-25"
"1412","1417","1","2020-07-25"
"1415","1416","1","2020-07-25"
"1412","1418","1","2020-07-25"
"1412","1419","1","2020-07-25"
"1412","1420","1","2020-07-25"
"1412","1421","1","2020-07-25"
"1412","1422","1","2020-07-25"
"1412","1423","1","2020-07-25"
"1415","1424","1","2020-07-25"
"1412","1425","1","2020-07-25"
"1412","1426","1","2020-07-25"
"1412","1427","1","2020-07-25"
"1412","1428","1","2020-07-25"
"1412","1429","1","2020-07-25"
"165","1430","1","2020-07-25"
"1412","1430","1","2020-07-25"
"1415","1431","1","2020-07-25"
"1412","1432","1","2020-07-25"
"1412","1433","1","2020-07-25"
"1417","1434","1","2020-07-25"
"1412","1435","1","2020-07-25"
"1412","1436","1","2020-07-25"
"1412","1437","1","2020-07-25"
"1412","1438","1","2020-07-25"
"1412","1439","1","2020-07-25"
"1415","1440","1","2020-07-25"
"1427","1441","1","2020-07-25"
"1415","1442","1","2020-07-25"
"1443","1444","1","2020-07-25"
"1443","1445","1","2020-07-25"
"1443","1446","1","2020-07-25"
"13","1446","1","2020-07-25"
"1443","1447","1","2020-07-25"
"1443","1448","1","2020-07-25"
"1443","1449","1","2020-07-25"
"1443","1450","1","2020-07-25"
"1443","1451","1","2020-07-25"
"1452","1453","1","2020-07-26"
"1452","1454","1","2020-07-26"
"1452","1455","1","2020-07-26"
"1455","1456","1","2020-07-26"
"1456","1457","1","2020-07-26"
"1456","1458","1","2020-07-26"
"1456","1459","1","2020-07-26"
"1456","1460","1","2020-07-26"
"1455","1462","1","2020-07-26"
"1455","1461","1","2020-07-26"
"1452","1463","1","2020-07-26"
"1452","1464","1","2020-07-26"
"1452","1465","1","2020-07-26"
"1452","1466","1","2020-07-26"
"1452","1467","1","2020-07-26"
"1452","1468","1","2020-07-26"
"1469","1470","1","2020-07-26"
"1469","1471","1","2020-07-26"
"1469","1472","1","2020-07-26"
"1469","1473","1","2020-07-26"
"1469","1474","1","2020-07-26"
"1469","1475","1","2020-07-26"
"1469","1476","1","2020-07-26"
"1469","1477","1","2020-07-26"
"1469","1478","1","2020-07-26"
"1469","1479","1","2020-07-26"
"1469","1480","1","2020-07-26"
"1469","1481","1","2020-07-26"
"1469","1482","1","2020-07-26"
"1469","1483","1","2020-07-26"
"1469","1484","1","2020-07-26"
"1469","1485","1","2020-07-26"
"1469","1486","1","2020-07-26"
"1469","1487","1","2020-07-26"
"1469","1488","1","2020-07-26"
"1469","1489","1","2020-07-26"
"1469","1490","1","2020-07-26"
"1469","1491","1","2020-07-26"
"1469","1492","1","2020-07-26"
"1469","1493","1","2020-07-26"
"1469","1494","1","2020-07-26"
"1469","1495","1","2020-07-26"
"1496","1497","1","2020-07-26"
"1496","1498","1","2020-07-26"
"1496","1499","1","2020-07-26"
"1496","1500","1","2020-07-26"
"1496","1501","1","2020-07-26"
"1496","1502","1","2020-07-26"
"1496","1503","1","2020-07-26"
"1504","1505","1","2020-07-26"
"1504","1506","1","2020-07-26"
"1504","1507","1","2020-07-26"
"1504","1508","1","2020-07-26"
"1504","1509","1","2020-07-26"
"1504","1510","1","2020-07-26"
"1504","1511","1","2020-07-26"
"1504","1512","1","2020-07-26"
"1504","1514","1","2020-07-26"
"1504","1515","1","2020-07-26"
"1504","1516","1","2020-07-26"
"1504","1518","1","2020-07-26"
"1504","1521","1","2020-07-26"
"1522","1523","1","2020-07-26"
"1522","1524","1","2020-07-26"
"1522","1525","1","2020-07-26"
"1522","1526","1","2020-07-26"
"1522","1527","1","2020-07-26"
"1522","1528","1","2020-07-26"
"1522","1529","1","2020-07-26"
"1522","1530","1","2020-07-26"
"1522","1531","1","2020-07-26"
"1522","1532","1","2020-07-26"
"1522","1533","1","2020-07-26"
"1534","1535","3","2020-07-26"
"1534","1536","1","2020-07-26"
"1534","1537","1","2020-07-26"
"1534","1539","1","2020-07-26"
"1534","1540","1","2020-07-26"
"1540","1541","1","2020-07-26"
"1534","1542","1","2020-07-26"
"1534","1543","1","2020-07-26"
"1534","1544","1","2020-07-26"
"1534","1545","1","2020-07-26"
"1534","1546","1","2020-07-26"
"1534","1548","1","2020-07-26"
"1534","1549","1","2020-07-26"
"1534","1550","1","2020-07-26"
"1534","1551","1","2020-07-26"
"1534","1552","1","2020-07-26"
"1534","1553","1","2020-07-26"
"1534","1554","1","2020-07-26"
"1534","1555","1","2020-07-26"
"1534","1556","1","2020-07-26"
"1534","1557","1","2020-07-26"
"1534","1558","1","2020-07-26"
"1534","1559","1","2020-07-26"
"1534","1560","1","2020-07-26"
"1534","1561","1","2020-07-26"
"1534","1562","1","2020-07-26"
"1534","1563","1","2020-07-26"
"1534","1564","1","2020-07-26"
"1534","1547","1","2020-07-26"
"1219","1547","1","2020-07-26"
"165","1565","1","2020-07-26"
"49","1565","1","2020-07-26"
"1412","1565","1","2020-07-26"
"1504","1513","1","2020-07-26"
"1504","1519","1","2020-07-26"
"951","991","1","2020-07-26"
"1016","1039","1","2020-07-26"
"1504","1517","1","2020-07-26"
"1328","1350","1","2020-07-26"
"227","228","1","2020-07-26"
"723","737","1","2020-07-26"
"707","715","1","2020-07-26"
"682","684","1","2020-07-26"
"723","736","1","2020-07-26"
"707","712","1","2020-07-26"
"707","733","1","2020-07-26"
"707","716","1","2020-07-26"
"723","732","1","2020-07-26"
"1215","1234","1","2020-07-26"
"682","641","1","2020-07-26"
"1328","1336","1","2020-07-26"
"723","738","1","2020-07-26"
"638","680","1","2020-07-26"
"1215","1229","1","2020-07-26"
"723","739","1","2020-07-26"
"723","750","1","2020-07-26"
"723","725","1","2020-07-26"
"638","681","1","2020-07-26"
"707","720","1","2020-07-26"
"682","685","1","2020-07-26"
"723","727","1","2020-07-26"
"1215","1225","1","2020-07-26"
"723","752","1","2020-07-26"
"707","711","1","2020-07-26"
"707","721","1","2020-07-26"
"723","740","1","2020-07-26"
"1215","1233","1","2020-07-26"
"723","734","1","2020-07-26"
"1354","1356","1","2020-07-26"
"1057","1060","1","2020-07-26"
"1057","1065","1","2020-07-26"
"1122","1175","1","2020-07-26"
"1057","1078","1","2020-07-26"
"1122","1144","1","2020-07-26"
"1354","1357","1","2020-07-26"
"1122","1150","1","2020-07-26"
"13","249","1","2020-07-26"
"1057","1061","1","2020-07-26"
"1057","1062","1","2020-07-26"
"1057","1063","1","2020-07-26"
"1534","1538","1","2020-07-26"
"1057","1072","1","2020-07-26"
"1057","1073","1","2020-07-26"
"1057","1074","1","2020-07-26"
"1122","1180","1","2020-07-26"
"1057","1075","1","2020-07-26"
"1057","1076","1","2020-07-26"
"1328","1352","1","2020-07-26"
"1122","1191","1","2020-07-26"
"1057","1082","1","2020-07-26"
"1576","1577","1","2020-07-27"
"1576","1578","1","2020-07-27"
"1578","1579","1","2020-07-27"
"1579","1580","1","2020-07-27"
"1579","1581","1","2020-07-27"
"1579","1582","1","2020-07-27"
"1578","1583","1","2020-07-27"
"1578","1584","1","2020-07-27"
"1578","1585","1","2020-07-27"
"1578","1586","1","2020-07-27"
"1578","1587","1","2020-07-27"
"1578","1588","1","2020-07-27"
"1578","1589","1","2020-07-27"
"1578","1590","1","2020-07-27"
"1578","1591","1","2020-07-27"
"1578","1592","1","2020-07-27"
"1578","1593","1","2020-07-27"
"1578","1594","1","2020-07-27"
"1578","1595","1","2020-07-27"
"1578","1596","1","2020-07-27"
"1578","1597","1","2020-07-27"
"1578","1598","1","2020-07-27"
"1578","1599","1","2020-07-27"
"1578","1600","1","2020-07-27"
"1578","1601","1","2020-07-27"
"1578","1602","1","2020-07-27"
"1578","1603","1","2020-07-27"
"1578","1604","1","2020-07-27"
"1578","1605","1","2020-07-27"
"1578","1606","1","2020-07-27"
"1578","1607","1","2020-07-27"
"1578","1608","1","2020-07-27"
"1577","1609","1","2020-07-27"
"1577","1610","1","2020-07-27"
"1576","1611","1","2020-07-27"
"1611","1612","1","2020-07-27"
"1611","1613","1","2020-07-27"
"1611","1614","1","2020-07-27"
"1611","1615","1","2020-07-27"
"1611","1616","1","2020-07-27"
"1611","1617","1","2020-07-27"
"1611","1618","1","2020-07-27"
"1611","1619","1","2020-07-27"
"1611","1620","1","2020-07-27"
"1611","1621","1","2020-07-27"
"1611","1622","1","2020-07-27"
"1611","1623","1","2020-07-27"
"1611","1624","1","2020-07-27"
"1576","1625","1","2020-07-27"
"1576","1626","1","2020-07-27"
"1627","1628","1","2020-07-27"
"1627","1629","1","2020-07-27"
"1627","1630","1","2020-07-27"
"1627","1631","1","2020-07-27"
"1627","1632","1","2020-07-27"
"1627","1633","1","2020-07-27"
"1627","1634","1","2020-07-27"
"1627","1635","1","2020-07-27"
"1635","1636","1","2020-07-27"
"1635","1637","1","2020-07-27"
"1635","1638","1","2020-07-27"
"1635","1639","1","2020-07-27"
"1635","1640","1","2020-07-27"
"1635","1641","1","2020-07-27"
"1635","1642","1","2020-07-27"
"1635","1643","1","2020-07-27"
"1635","1644","1","2020-07-27"
"1629","1645","1","2020-07-27"
"1629","1646","1","2020-07-27"
"1629","1647","1","2020-07-27"
"1629","1648","1","2020-07-27"
"1629","1649","1","2020-07-27"
"1629","1650","1","2020-07-27"
"1629","1651","1","2020-07-27"
"1652","1653","1","2020-07-27"
"1652","1654","1","2020-07-27"
"1652","1655","1","2020-07-27"
"1656","1657","1","2020-07-27"
"1656","1658","1","2020-07-27"
"1656","1659","1","2020-07-27"
"1656","1661","1","2020-07-27"
"1656","1662","1","2020-07-27"
"1656","1663","1","2020-07-27"
"1656","1664","1","2020-07-27"
"1658","1660","1","2020-07-27"
"1258","1274","1","2020-07-27"
"1652","1274","1","2020-07-27"
"1665","1666","1","2020-08-07"
"1665","1667","1","2020-08-07"
"1665","1668","1","2020-08-07"
"1665","1669","1","2020-08-07"
"1665","1670","1","2020-08-07"
"1671","1672","1","2020-08-07"
"1671","1673","1","2020-08-07"
"1671","1674","1","2020-08-07"
"1670","1675","1","2020-08-07"
"1670","1676","1","2020-08-07"
"1670","1677","1","2020-08-07"
"1670","1678","1","2020-08-07"
"1670","1679","1","2020-08-07"
"1670","1680","1","2020-08-07"
"1670","1681","1","2020-08-07"
"1670","1682","1","2020-08-07"
"1670","1683","1","2020-08-07"
"1665","1684","1","2020-08-07"
"1684","1685","1","2020-08-07"
"1684","1686","1","2020-08-07"
"1684","1687","1","2020-08-07"
"1688","1689","1","2020-08-07"
"1690","1691","1","2020-08-07"
"1690","1692","1","2020-08-07"
"1692","1693","1","2020-08-07"
"1692","1694","1","2020-08-07"
"1695","1696","1","2020-08-07"
"1695","1697","1","2020-08-07"
"1698","1699","1","2020-08-07"
"1699","1700","1","2020-08-07"
"1697","1700","1","2020-08-07"
"1700","1701","1","2020-08-07"
"1702","1703","1","2020-08-07"
"1697","1703","1","2020-08-07"
"1695","1704","1","2020-08-07"
"1695","1705","1","2020-08-07"
"1695","1706","1","2020-08-07"
"1695","1707","1","2020-08-07"
"1695","1708","1","2020-08-07"
"1695","1709","1","2020-08-07"
"1695","1710","1","2020-08-07"
"1695","1711","1","2020-08-07"
"1695","1712","1","2020-08-07"
"1695","1713","1","2020-08-07"
"1695","1714","1","2020-08-07"
"1670","1671","1","2020-08-07"
"1688","1671","1","2020-08-07"
"1691","1671","1","2020-08-07"
"1696","1671","1","2020-08-07"
"255","1671","1","2020-08-07"
"1443","1715","1","2020-08-07"
"473","1716","1","2020-08-07"
"1717","1718","1","2020-08-07"
"1717","1719","1","2020-08-07"
"1717","1720","1","2020-08-07"
"1717","1721","1","2020-08-07"
"1722","1723","1","2020-08-07"
"1723","1724","1","2020-08-07"
"1724","1725","1","2020-08-07"
"1724","1726","1","2020-08-07"
"1724","1727","1","2020-08-07"
"1724","1728","1","2020-08-07"
"1724","1729","1","2020-08-07"
"1724","1730","1","2020-08-07"
"1724","1731","1","2020-08-07"
"1724","1732","1","2020-08-07"
"1724","1733","1","2020-08-07"
"1723","1734","1","2020-08-07"
"1723","1735","1","2020-08-07"
"1736","1737","1","2020-08-07"
"1736","1738","1","2020-08-07"
"1736","1739","1","2020-08-07"
"1736","1740","1","2020-08-07"
"1736","1741","1","2020-08-07"
"1736","1742","1","2020-08-07"
"1736","1743","1","2020-08-07"
"1736","1744","1","2020-08-07"
"1736","1745","1","2020-08-07"
"1736","1746","1","2020-08-07"
"1736","1747","1","2020-08-07"
"1736","1748","1","2020-08-07"
"1736","1749","1","2020-08-07"
"1750","1751","1","2020-08-07"
"1750","1752","1","2020-08-07"
"1750","1753","1","2020-08-07"
"1750","1754","1","2020-08-07"
"951","1755","1","2020-08-07"
"1755","1756","1","2020-08-07"
"1757","1758","1","2020-08-07"
"1757","1759","1","2020-08-07"
"1757","1760","1","2020-08-07"
"1757","1761","1","2020-08-07"
"1757","1762","1","2020-08-07"
"1757","1763","1","2020-08-07"
"1757","1764","1","2020-08-07"
"1757","1765","1","2020-08-07"
"1766","1767","1","2020-08-07"
"1766","1768","1","2020-08-07"
"1766","1769","1","2020-08-07"
"952","1770","1","2020-08-07"
"1771","1772","1","2020-08-15"
"1772","1773","1","2020-08-15"
"1772","1774","1","2020-08-15"
"1772","1775","1","2020-08-15"
"1772","1776","1","2020-08-15"
"1772","1777","1","2020-08-15"
"1772","1778","1","2020-08-15"
"1772","1779","1","2020-08-15"
"1772","1780","1","2020-08-15"
"1772","1781","1","2020-08-15"
"1772","1782","1","2020-08-15"
"1772","1783","1","2020-08-15"
"1772","1784","1","2020-08-15"
"1772","1785","1","2020-08-15"
"1772","1786","1","2020-08-15"
"1772","1787","1","2020-08-15"
"1772","1788","1","2020-08-15"
"1772","1789","1","2020-08-15"
"1772","1790","1","2020-08-15"
"1772","1791","1","2020-08-15"
"1772","1792","1","2020-08-15"
"1772","1793","1","2020-08-15"
"1772","1794","1","2020-08-15"
"1772","1795","1","2020-08-15"
"1772","1796","1","2020-08-15"
"1772","1797","1","2020-08-15"
"1772","1798","1","2020-08-15"
"1772","1799","1","2020-08-15"
"1771","1801","1","2020-08-15"
"1771","1802","1","2020-08-15"
"1771","1803","1","2020-08-15"
"1771","1804","1","2020-08-15"
"1771","1805","1","2020-08-15"
"1771","1806","1","2020-08-15"
"1806","1807","1","2020-08-15"
"1806","1808","1","2020-08-15"
"1771","1809","1","2020-08-15"
"1809","1810","1","2020-08-15"
"1809","1811","1","2020-08-15"
"1809","1812","1","2020-08-15"
"1809","1813","1","2020-08-15"
"1771","1814","1","2020-08-15"
"1771","1815","1","2020-08-15"
"1815","1816","1","2020-08-15"
"1815","1817","1","2020-08-15"
"1815","1818","1","2020-08-15"
"1815","1819","1","2020-08-15"
"1815","1820","1","2020-08-15"
"1815","1821","1","2020-08-15"
"1815","1822","1","2020-08-15"
"1815","1823","1","2020-08-15"
"1815","1824","1","2020-08-15"
"1815","1825","1","2020-08-15"
"1815","1826","3","2020-08-15"
"1771","1827","1","2020-08-15"
"1771","1828","1","2020-08-15"
"1771","1829","1","2020-08-15"
"1771","1830","1","2020-08-15"
"1771","1831","1","2020-08-15"
"1771","1832","1","2020-08-15"
"1771","1833","1","2020-08-15"
"1771","1834","1","2020-08-15"
"1771","1835","1","2020-08-15"
"1771","1836","1","2020-08-15"
"1771","1837","1","2020-08-15"
"1837","1838","1","2020-08-15"
"1771","1800","1","2020-08-15"
"1837","1800","3","2020-08-15"
"1837","1839","1","2020-08-15"
"1771","1840","1","2020-08-15"
"1841","1842","1","2020-08-15"
"1841","1843","1","2020-08-15"
"1841","1844","1","2020-08-15"
"1841","1845","1","2020-08-15"
"1846","1847","1","2020-08-15"
"1847","226","1","2020-08-15"
"13","226","1","2020-08-15"
"1652","226","1","2020-08-15"
"1504","1846","3","2020-08-15"
"1848","1849","1","2020-08-15"
"1848","1850","1","2020-08-15"
"1848","1851","1","2020-08-15"
"1848","1852","1","2020-08-15"
"1848","1853","1","2020-08-15"
"1848","1854","1","2020-08-15"
"1848","1855","1","2020-08-15"
"1848","1856","1","2020-08-15"
"1452","1857","1","2020-08-15"
"1122","1858","1","2020-08-15"
"1504","1859","1","2020-08-15"
"165","1860","1","2020-08-15"
"1665","1861","1","2020-08-15"
"1862","1863","1","2020-08-15"
"1862","1864","1","2020-08-15"
"1862","1865","1","2020-08-15"
"1862","1866","1","2020-08-15"
"1862","1867","1","2020-08-15"
"1862","1868","1","2020-08-15"
"1862","1869","1","2020-08-15"
"1862","1870","1","2020-08-15"
"1862","1871","1","2020-08-15"
"1862","1872","1","2020-08-15"
"1862","1873","1","2020-08-15"
"1862","1874","1","2020-08-15"
"1862","1875","1","2020-08-15"
"1862","1876","1","2020-08-15"
"1862","1877","1","2020-08-15"
"1862","1878","1","2020-08-15"
"1862","1879","1","2020-08-15"
"1862","1880","1","2020-08-15"
"1862","1881","1","2020-08-15"
"1862","1882","1","2020-08-15"
"1862","1883","1","2020-08-15"
"1862","1884","1","2020-08-15"
"1862","1885","1","2020-08-15"
"1862","1886","1","2020-08-15"
"1862","1887","1","2020-08-15"
"1862","1888","1","2020-08-15"
"1889","1890","1","2020-08-15"
"1889","1891","1","2020-08-15"
"1889","1892","1","2020-08-15"
"1889","1893","1","2020-08-15"
"1889","1894","1","2020-08-15"
"1889","1895","1","2020-08-15"
"1889","1896","1","2020-08-15"
"1889","1897","1","2020-08-15"
"1889","1898","1","2020-08-15"
"1889","1899","1","2020-08-15"
"1889","1900","1","2020-08-15"
"1889","1901","1","2020-08-15"
"1889","1902","1","2020-08-15"
"1889","1903","1","2020-08-15"
"1889","1904","1","2020-08-15"
"1889","1905","1","2020-08-15"
"1889","1906","1","2020-08-15"
"1889","1907","1","2020-08-15"
"1889","1908","1","2020-08-15"
"1889","1909","1","2020-08-15"
"1889","1910","1","2020-08-15"
"1889","1911","1","2020-08-15"
"1889","1912","1","2020-08-15"
"1889","1913","1","2020-08-15"
"1889","1914","1","2020-08-15"
"1889","1915","1","2020-08-15"
"1889","1916","1","2020-08-15"
"1889","1917","1","2020-08-15"
"1889","1918","1","2020-08-15"
"1889","1919","1","2020-08-15"
"1889","1920","1","2020-08-15"
"1889","1921","1","2020-08-15"
"1889","1922","1","2020-08-15"
"1889","1923","1","2020-08-15"
"1889","1924","1","2020-08-15"
"1889","1925","1","2020-08-15"
"1889","1926","1","2020-08-15"
"1889","355","1","2020-08-15"
"1889","1927","1","2020-08-15"
"1889","1928","1","2020-08-15"
"1889","1929","1","2020-08-15"
"1889","1930","1","2020-08-15"
"1889","1931","1","2020-08-15"
"1889","1932","1","2020-08-15"
"1889","1933","1","2020-08-15"
"1889","1934","1","2020-08-15"
"1889","1935","1","2020-08-15"
"358","1936","1","2020-08-15"
"358","1937","1","2020-08-15"
"1938","1939","1","2020-08-15"
"1938","1940","1","2020-08-15"
"227","1945","3","2020-08-15"
"1258","1294","3","2020-08-17"
"1085","1121","2","2020-08-17"
"1294","1121","3","2020-08-17"
"884","1121","3","2020-08-17"
"881","1121","3","2020-08-17"
"6","1121","3","2020-08-17"
"1964","1966","1","2020-09-03"
"1965","1966","1","2020-09-03"
"1964","1967","1","2020-09-03"
"1964","1968","1","2020-09-03"
"1964","1969","1","2020-09-03"
"1964","1970","1","2020-09-03"
"1964","1971","1","2020-09-03"
"1964","1972","1","2020-09-03"
"1964","1973","1","2020-09-03"
"1964","1974","1","2020-09-03"
"1964","1975","1","2020-09-03"
"1964","1976","1","2020-09-03"
"1964","1978","1","2020-09-03"
"1964","1979","1","2020-09-03"
"1980","1981","1","2020-09-03"
"1964","1981","1","2020-09-03"
"1982","1983","1","2020-09-03"
"1964","1983","1","2020-09-03"
"686","1984","1","2020-09-03"
"1964","1984","1","2020-09-03"
"1985","1986","1","2020-09-03"
"1964","1986","1","2020-09-03"
"1987","1988","1","2020-09-03"
"1964","1988","1","2020-09-03"
"1964","1989","1","2020-09-03"
"1990","1991","1","2020-09-03"
"1964","1991","1","2020-09-03"
"1993","1994","1","2020-09-03"
"1964","1994","1","2020-09-03"
"1964","1995","1","2020-09-03"
"1964","1977","1","2020-09-03"
"1996","1977","1","2020-09-03"
"1996","1992","1","2020-09-03"
"1964","1992","1","2020-09-03"
"1964","1997","1","2020-09-03"
"1996","1997","1","2020-09-03"
"1964","1998","1","2020-09-03"
"723","751","1","2020-09-03"
"1999","751","1","2020-09-03"
"1999","2000","1","2020-09-03"
"1964","2000","1","2020-09-03"
"1964","2002","1","2020-09-03"
"2001","2002","1","2020-09-03"
"1964","2003","1","2020-09-03"
"1964","2004","1","2020-09-03"
"1964","2005","1","2020-09-03"
"2007","2008","1","2020-09-03"
"1964","2008","1","2020-09-03"
"1964","2006","1","2020-09-03"
"2009","2006","1","2020-09-03"
"2009","2010","1","2020-09-03"
"1964","2010","1","2020-09-03"
"1964","2011","1","2020-09-03"
"1964","2012","1","2020-09-03"
"1964","2013","1","2020-09-03"
"642","2013","1","2020-09-03"
"1964","2015","1","2020-09-03"
"2014","2015","1","2020-09-03"
"1964","2017","1","2020-09-03"
"2016","2017","1","2020-09-03"
"2018","2019","1","2020-09-03"
"1964","2019","1","2020-09-03"
"1964","2020","1","2020-09-03"
"1964","2021","1","2020-09-03"
"1964","2022","1","2020-09-03"
"1964","2023","1","2020-09-03"
"1964","2024","1","2020-09-03"
"1964","2025","1","2020-09-03"
"1964","2026","1","2020-09-03"
"1964","2027","1","2020-09-03"
"1964","2028","1","2020-09-03"
"1964","2029","1","2020-09-03"
"1964","2030","1","2020-09-03"
"1964","2031","1","2020-09-03"
"1964","2032","1","2020-09-03"
"1964","2033","1","2020-09-03"
"1964","2035","1","2020-09-03"
"431","2036","1","2020-09-03"
"1964","2036","1","2020-09-03"
"1964","2037","1","2020-09-03"
"2038","2039","1","2020-09-03"
"2039","2040","1","2020-09-03"
"2039","2041","1","2020-09-03"
"2039","2042","1","2020-09-03"
"2041","2043","1","2020-09-03"
"1964","2034","1","2020-09-03"
"2041","2034","1","2020-09-03"
"2039","2044","1","2020-09-03"
"2045","2016","1","2020-09-03"
"2046","2018","1","2020-09-03"
"2046","1999","1","2020-09-03"
"2046","2047","1","2020-09-03"
"165","2048","1","2020-09-03"
"2049","2050","1","2020-09-03"
"2049","2051","1","2020-09-03"
"2049","2052","1","2020-09-03"
"2053","2054","1","2020-09-03"
"2053","2055","1","2020-09-03"
"2056","2057","1","2020-09-03"
"2056","2058","1","2020-09-03"
"2056","2059","1","2020-09-03"
"2056","2060","1","2020-09-03"
"2056","2061","1","2020-09-03"
"2056","2062","1","2020-09-03"
"2056","2063","1","2020-09-03"
"2056","2064","1","2020-09-03"
"2056","2065","1","2020-09-03"
"2056","2066","1","2020-09-03"
"2056","2067","1","2020-09-03"
"2056","2075","1","2020-09-03"
"2056","2076","1","2020-09-03"
"2056","2078","1","2020-09-03"
"2056","2079","1","2020-09-03"
"2056","2080","1","2020-09-03"
"2080","2081","1","2020-09-03"
"2080","2082","1","2020-09-03"
"2080","2083","1","2020-09-03"
"2080","2084","1","2020-09-03"
"2080","2085","1","2020-09-03"
"2080","2086","1","2020-09-03"
"2080","2087","1","2020-09-03"
"2080","2088","1","2020-09-03"
"2080","2089","1","2020-09-03"
"2080","2090","1","2020-09-03"
"2080","2091","1","2020-09-03"
"2080","2092","1","2020-09-03"
"2080","2093","1","2020-09-03"
"2080","2094","1","2020-09-03"
"2080","2095","1","2020-09-03"
"2080","2096","1","2020-09-03"
"2080","2097","1","2020-09-03"
"2080","2098","1","2020-09-03"
"2080","2099","1","2020-09-03"
"2080","2100","1","2020-09-03"
"2080","2101","1","2020-09-03"
"2102","2103","1","2020-09-03"
"2102","2104","1","2020-09-03"
"2102","2105","1","2020-09-03"
"2102","2106","1","2020-09-03"
"2102","2107","1","2020-09-03"
"2102","2108","1","2020-09-03"
"2102","2109","1","2020-09-03"
"2102","2110","1","2020-09-03"
"2102","2111","1","2020-09-03"
"2102","2112","1","2020-09-03"
"2102","2113","1","2020-09-03"
"2102","2114","1","2020-09-03"
"1219","2115","1","2020-09-03"
"2067","2073","1","2020-09-03"
"2067","2068","1","2020-09-03"
"2067","2077","1","2020-09-03"
"2067","2069","1","2020-09-03"
"2067","2070","1","2020-09-03"
"2067","2072","1","2020-09-03"
"2067","2071","1","2020-09-03"
"2080","2074","1","2020-09-03"
"1219","2116","1","2020-09-04"
"1219","2117","1","2020-09-04"
"1219","2118","1","2020-09-04"
"1219","2119","1","2020-09-04"
"1219","2120","1","2020-09-04"
"1219","2121","1","2020-09-04"
"1219","2122","1","2020-09-04"
"1219","2123","1","2020-09-04"
"1219","2124","1","2020-09-04"
"1219","2125","1","2020-09-04"
"1219","2126","1","2020-09-04"
"1219","2127","1","2020-09-04"
"1219","2128","1","2020-09-04"
"1219","2129","1","2020-09-04"
"1219","2130","1","2020-09-04"
"1219","2131","1","2020-09-04"
"1219","2132","1","2020-09-04"
"1219","2133","1","2020-09-04"
"1219","2134","1","2020-09-04"
"1219","2135","1","2020-09-04"
"1219","2136","1","2020-09-04"
"1219","2137","1","2020-09-04"
"1219","2138","1","2020-09-04"
"1219","2139","1","2020-09-04"
"1219","2140","1","2020-09-04"
"1219","2141","1","2020-09-04"
"1219","2142","1","2020-09-04"
"1219","2143","1","2020-09-04"
"1219","2144","1","2020-09-04"
"1219","2145","1","2020-09-04"
"1219","2146","1","2020-09-04"
"1219","2147","1","2020-09-04"
"1219","2148","1","2020-09-04"
"1219","2149","1","2020-09-04"
"1219","2150","1","2020-09-04"
"1219","2151","1","2020-09-04"
"1219","2152","1","2020-09-04"
"1219","2153","1","2020-09-04"
"1219","2154","1","2020-09-04"
"1219","2155","1","2020-09-04"
"1219","2156","1","2020-09-04"
"1219","2157","1","2020-09-04"
"1219","2158","1","2020-09-04"
"1219","2159","1","2020-09-04"
"1219","2160","1","2020-09-04"
"1219","2161","1","2020-09-04"
"1219","2162","1","2020-09-04"
"1846","2163","1","2020-09-04"
"1846","2164","1","2020-09-04"
"1846","2165","1","2020-09-04"
"1846","2166","1","2020-09-04"
"2167","2168","1","2020-09-07"
"2167","2169","1","2020-09-07"
"2167","2170","1","2020-09-07"
"2167","2174","1","2020-09-07"
"2167","2175","1","2020-09-07"
"2175","2176","1","2020-09-07"
"2175","2177","1","2020-09-07"
"2167","2178","1","2020-09-07"
"2167","2179","1","2020-09-07"
"2167","2180","1","2020-09-07"
"2167","2181","1","2020-09-07"
"2167","2182","1","2020-09-07"
"165","2183","1","2020-09-07"
"404","2184","1","2020-09-07"
"165","2185","1","2020-09-07"
"46","2186","1","2020-09-07"
"46","2187","1","2020-09-07"
"46","2190","1","2020-09-07"
"46","2191","1","2020-09-07"
"46","2192","1","2020-09-07"
"46","2193","1","2020-09-07"
"46","2194","1","2020-09-07"
"46","2195","1","2020-09-07"
"46","2189","1","2020-09-07"
"46","2188","1","2020-09-07"
"46","2196","1","2020-09-07"
"46","2197","1","2020-09-07"
"46","2198","1","2020-09-07"
"46","2199","1","2020-09-07"
"46","2200","1","2020-09-07"
"46","2201","1","2020-09-07"
"46","2202","1","2020-09-07"
"46","2205","1","2020-09-07"
"46","2208","1","2020-09-07"
"46","2209","1","2020-09-07"
"46","2210","1","2020-09-07"
"46","2211","1","2020-09-07"
"46","2212","1","2020-09-07"
"46","2213","1","2020-09-07"
"46","2214","1","2020-09-07"
"46","2215","1","2020-09-07"
"46","2216","1","2020-09-07"
"46","2217","1","2020-09-07"
"46","2218","1","2020-09-07"
"2205","2221","3","2020-09-07"
"2205","1959","3","2020-09-07"
"49","2226","1","2020-09-07"
"2205","2226","3","2020-09-07"
"2205","2228","3","2020-09-07"
"2205","2229","3","2020-09-07"
"2205","2231","3","2020-09-07"
"2205","2232","3","2020-09-07"
"2205","2236","3","2020-09-07"
"2205","2237","3","2020-09-07"
"2205","2238","3","2020-09-07"
"2205","2243","3","2020-09-07"
"46","2246","1","2020-09-07"
"46","2247","1","2020-09-07"
"46","2248","1","2020-09-07"
"46","2249","1","2020-09-07"
"46","2250","1","2020-09-07"
"46","2251","1","2020-09-07"
"46","2252","1","2020-09-07"
"46","2253","1","2020-09-07"
"46","2254","1","2020-09-07"
"46","2255","1","2020-09-07"
"46","2256","1","2020-09-07"
"46","2257","1","2020-09-07"
"347","349","1","2020-09-07"
"46","349","3","2020-09-07"
"46","2258","1","2020-09-07"
"46","2259","1","2020-09-07"
"46","2260","1","2020-09-07"
"2205","2203","1","2020-09-07"
"2205","2204","1","2020-09-07"
"2205","2206","1","2020-09-07"
"2205","2207","1","2020-09-07"
"2205","2219","1","2020-09-07"
"2205","2220","1","2020-09-07"
"2205","2224","1","2020-09-07"
"2205","2227","1","2020-09-07"
"2205","2230","1","2020-09-07"
"2205","2233","1","2020-09-07"
"2205","2234","1","2020-09-07"
"2205","2235","1","2020-09-07"
"2205","2239","1","2020-09-07"
"2205","2240","1","2020-09-07"
"2205","2242","1","2020-09-07"
"2205","2244","1","2020-09-07"
"2205","2245","1","2020-09-07"
"2261","2223","1","2020-09-07"
"2205","2223","3","2020-09-07"
"2261","2222","1","2020-09-07"
"2205","2222","3","2020-09-07"
"2261","2225","1","2020-09-07"
"2205","2225","3","2020-09-07"
"2261","2262","1","2020-09-07"
"2262","2263","1","2020-09-07"
"2262","2264","1","2020-09-07"
"1982","2264","1","2020-09-07"
"2262","2265","1","2020-09-07"
"2262","2266","3","2020-09-07"
"2262","2267","1","2020-09-07"
"2262","2268","1","2020-09-07"
"2262","2269","1","2020-09-07"
"2262","2270","1","2020-09-07"
"2262","2271","3","2020-09-07"
"2262","2272","1","2020-09-07"
"2262","2273","1","2020-09-07"
"2262","2274","3","2020-09-07"
"2262","2275","1","2020-09-07"
"2262","2276","1","2020-09-07"
"638","642","1","2020-09-07"
"2262","642","3","2020-09-07"
"2262","2277","1","2020-09-07"
"2262","2278","1","2020-09-07"
"2167","2171","1","2020-09-07"
"2262","2171","3","2020-09-07"
"2262","2279","1","2020-09-07"
"2262","2280","1","2020-09-07"
"2007","2001","1","2020-09-07"
"2262","2001","3","2020-09-07"
"2262","2281","1","2020-09-07"
"2262","2282","1","2020-09-07"
"2167","2173","1","2020-09-07"
"2262","2173","3","2020-09-07"
"2262","2283","1","2020-09-07"
"2262","2284","3","2020-09-07"
"2167","2172","1","2020-09-07"
"2262","2172","3","2020-09-07"
"2262","2285","1","2020-09-07"
"2262","2286","1","2020-09-07"
"2262","2287","1","2020-09-07"
"2262","2288","3","2020-09-07"
"2262","2289","3","2020-09-07"
"2262","2290","3","2020-09-07"
"2262","2291","3","2020-09-07"
"2262","2292","3","2020-09-07"
"2262","2293","3","2020-09-07"
"2262","2294","1","2020-09-07"
"2262","2295","1","2020-09-07"
"2262","2296","3","2020-09-08"
"2262","2297","1","2020-09-08"
"638","699","1","2020-09-08"
"2262","699","3","2020-09-08"
"2262","2298","1","2020-09-08"
"2262","2299","3","2020-09-08"
"2262","2300","1","2020-09-08"
"2222","2301","1","2020-09-27"
"2222","2302","1","2020-09-27"
"2222","2303","1","2020-09-27"
"2261","2304","1","2020-09-27"
"2304","2305","1","2020-09-27"
"2304","2306","1","2020-09-27"
"2304","2307","1","2020-09-27"
"2304","2308","1","2020-09-27"
"2304","2309","1","2020-09-27"
"2304","2310","1","2020-09-27"
"2304","2311","1","2020-09-27"
"2304","2312","1","2020-09-27"
"2304","2313","1","2020-09-27"
"2304","2314","1","2020-09-27"
"2304","2315","1","2020-09-27"
"2304","2316","1","2020-09-27"
"2304","2317","1","2020-09-27"
"2304","2318","1","2020-09-27"
"2304","2319","1","2020-09-27"
"2304","2320","1","2020-09-27"
"2304","2321","1","2020-09-27"
"2304","2322","1","2020-09-27"
"2304","2323","1","2020-09-27"
"2304","2324","1","2020-09-27"
"2304","2325","1","2020-09-27"
"2304","2326","1","2020-09-27"
"2304","2327","1","2020-09-27"
"2304","2328","1","2020-09-27"
"2304","2329","1","2020-09-27"
"2304","2330","1","2020-09-27"
"2304","2331","1","2020-09-27"
"2304","2332","1","2020-09-27"
"2304","2333","1","2020-09-27"
"2304","2334","1","2020-09-27"
"2304","2335","1","2020-09-27"
"2304","2336","1","2020-09-27"
"2304","2337","1","2020-09-27"
"2304","2338","1","2020-09-27"
"2304","2339","1","2020-09-27"
"2304","2340","1","2020-09-27"
"2304","2341","1","2020-09-27"
"2304","2342","1","2020-09-27"
"2304","2343","3","2020-09-27"
"2304","2344","1","2020-09-27"
"2304","2345","1","2020-09-27"
"2304","2346","1","2020-09-27"
"2304","2347","1","2020-09-27"
"2304","2348","1","2020-09-27"
"2304","2349","1","2020-09-27"
"2304","2350","1","2020-09-27"
"2304","2351","1","2020-09-27"
"2304","2352","1","2020-09-27"
"2304","2353","1","2020-09-27"
"2304","2354","1","2020-09-27"
"2304","2355","1","2020-09-27"
"2304","2356","1","2020-09-27"
"2304","2357","1","2020-09-27"
"2223","2358","1","2020-09-27"
"2358","2359","1","2020-09-27"
"2358","2360","1","2020-09-27"
"2358","2361","1","2020-09-27"
"2261","2362","1","2020-09-27"
"2362","2241","1","2020-09-27"
"2205","2241","1","2020-09-27"
"2261","2363","1","2020-09-27"
"2261","2364","1","2020-09-27"
"2261","2365","1","2020-09-27"
"2261","2366","1","2020-09-27"
"2367","2368","1","2020-09-27"
"2367","2369","1","2020-09-27"
"2367","2370","1","2020-09-27"
"2367","2371","1","2020-09-27"
"2367","2372","1","2020-09-27"
"2367","2373","1","2020-09-27"
"2367","2374","1","2020-09-27"
"2367","2375","1","2020-09-27"
"2367","2376","1","2020-09-27"
"2367","2377","1","2020-09-27"
"2367","2378","1","2020-09-27"
"2367","2379","1","2020-09-27"
"2367","2380","1","2020-09-27"
"2367","2381","1","2020-09-27"
"2367","2382","1","2020-09-27"
"2367","2383","1","2020-09-27"
"2367","2384","1","2020-09-27"
"2367","2385","1","2020-09-27"
"2367","2386","1","2020-09-27"
"2367","2387","1","2020-09-27"
"2367","2388","1","2020-09-27"
"2367","2389","1","2020-09-27"
"2367","2390","1","2020-09-27"
"2367","2391","1","2020-09-27"
"2367","2392","1","2020-09-27"
"2367","2393","1","2020-09-27"
"2367","2394","1","2020-09-27"
"2395","2396","1","2020-09-27"
"2395","2397","1","2020-09-27"
"1219","2395","1","2020-09-27"
"2398","2395","1","2020-09-27"
"2398","2399","1","2020-09-27"
"2398","2400","1","2020-09-27"
"2398","2401","1","2020-09-27"
"2398","2402","1","2020-09-27"
"2398","2403","1","2020-09-27"
"2398","2404","1","2020-09-27"
"2398","2405","1","2020-09-27"
"2398","2406","1","2020-09-27"
"2407","2408","1","2020-09-27"
"2407","2409","1","2020-09-27"
"2407","2410","1","2020-09-27"
"2407","2411","1","2020-09-27"
"2407","2412","1","2020-09-27"
"2407","2413","1","2020-09-27"
"1219","2414","1","2020-09-27"
"2415","2416","1","2020-09-27"
"2415","2417","1","2020-09-27"
"2415","2418","1","2020-09-27"
"2415","2419","1","2020-09-27"
"1862","2420","1","2020-09-27"
"1862","2421","1","2020-09-27"
"1862","2422","1","2020-09-27"
"1862","2423","1","2020-09-27"
"1862","2424","1","2020-09-27"
"1862","2425","1","2020-09-27"
"1862","2426","1","2020-09-27"
"1862","2427","1","2020-09-27"
"1862","2428","1","2020-09-27"
"1862","2429","1","2020-09-27"
"1862","2430","1","2020-09-27"
"1862","2431","1","2020-12-25"
"1862","2432","1","2020-12-25"
"1862","2433","1","2020-12-25"
"1862","2434","1","2020-12-25"
"1862","2435","1","2020-12-25"
"1443","2436","1","2020-12-25"
"2436","2437","1","2020-12-25"
"2436","2438","1","2020-12-25"
"2436","2439","1","2020-12-25"
"2436","2440","1","2020-12-25"
"2436","2441","1","2020-12-25"
"2442","2443","1","2020-12-25"
"2442","2444","1","2020-12-25"
"2442","2445","1","2020-12-25"
"2442","2446","1","2020-12-25"
"2442","2447","1","2020-12-25"
"2442","2448","1","2020-12-25"
"2442","2449","1","2020-12-25"
"2442","2450","1","2020-12-25"
"2451","2452","1","2020-12-25"
"2451","2453","1","2020-12-25"
"2451","2454","1","2020-12-25"
"2455","2456","1","2020-12-25"
"2455","2457","1","2020-12-25"
"2455","2458","1","2020-12-25"
"2455","2459","1","2020-12-25"
"2460","2461","1","2020-12-25"
"2460","2462","1","2020-12-25"
"2460","2463","1","2020-12-25"
"2460","2464","1","2020-12-25"
"2465","2466","1","2020-12-25"
"2465","2467","1","2020-12-25"
"2465","2468","1","2020-12-25"
"2465","2469","1","2020-12-25"
"2465","2470","1","2020-12-25"
"2465","2471","1","2020-12-25"
"2465","2472","1","2020-12-25"
"2465","2473","1","2020-12-25"
"1122","1145","1","2020-12-26"
"2442","1145","1","2020-12-26"
"1504","1520","1","2020-12-26"
"46","1520","3","2020-12-26"
"1122","1187","1","2020-12-26"
"46","1187","3","2020-12-26"
"1504","2474","1","2020-12-26"
"13","2475","1","2020-12-26"
"404","2476","1","2020-12-26"
"227","2477","1","2020-12-26"
"2478","2480","1","2020-12-26"
"2478","2481","1","2020-12-26"
"2478","2484","1","2020-12-26"
"2478","2488","1","2020-12-26"
"2478","2493","1","2020-12-26"
"2478","2495","1","2020-12-26"
"2478","2498","1","2020-12-26"
"2478","2500","1","2020-12-26"
"2478","2501","1","2020-12-26"
"2478","2502","1","2020-12-26"
"2478","2479","1","2020-12-26"
"2478","2482","1","2020-12-26"
"2478","2483","1","2020-12-26"
"2478","2485","1","2020-12-26"
"2478","2486","1","2020-12-26"
"2478","2487","1","2020-12-26"
"2478","2489","1","2020-12-26"
"2478","2490","1","2020-12-26"
"2478","2491","1","2020-12-26"
"2478","2492","1","2020-12-26"
"2478","2494","1","2020-12-26"
"2478","2496","1","2020-12-26"
"2478","2497","1","2020-12-26"
"2478","2499","1","2020-12-26"
"2503","2504","1","2020-12-26"
"2503","2505","1","2020-12-26"
"2503","2506","1","2020-12-26"